en,fr
one two three four,one two three four
one two five six,one two five six
one two one one,one two one one
two six six six,two six six six
five four three,five four three
five six one one,five six one one
one one one one,one one one one
two two two two,two two two two
one two three four,one two three four
one two five six,one two five six
one two one one,one two one one
two six six six,two six six six
five four three,five four three
five six one one,five six one one
one one one one,one one one one
two two two two,two two two two
one two three four,one two three four
one two five six,one two five six
one two one one,one two one one
two six six six,two six six six
five four three,five four three
five six one one,five six one one
one one one one,one one one one
two two two two,two two two two
one two three four,one two three four
one two five six,one two five six
one two one one,one two one one
two six six six,two six six six
five four three,five four three
five six one one,five six one one
one one one one,one one one one
two two two two,two two two two
one two three four,one two three four
one two five six,one two five six
one two one one,one two one one
two six six six,two six six six
five four three,five four three
five six one one,five six one one
one one one one,one one one one
two two two two,two two two two
one two three four,one two three four
one two five six,one two five six
one two one one,one two one one
two six six six,two six six six
five four three,five four three
five six one one,five six one one
one one one one,one one one one
two two two two,two two two two
one two three four,one two three four
one two five six,one two five six
one two one one,one two one one
two six six six,two six six six
five four three,five four three
five six one one,five six one one
one one one one,one one one one
two two two two,two two two two
one two three four,one two three four
one two five six,one two five six
one two one one,one two one one
two six six six,two six six six
five four three,five four three
five six one one,five six one one
one one one one,one one one one
two two two two,two two two two
one two three four,one two three four
one two five six,one two five six
one two one one,one two one one
two six six six,two six six six
five four three,five four three
five six one one,five six one one
one one one one,one one one one
two two two two,two two two two
one two three four,one two three four
one two five six,one two five six
one two one one,one two one one
two six six six,two six six six
five four three,five four three
five six one one,five six one one
one one one one,one one one one
two two two two,two two two two
one two three four,one two three four
one two five six,one two five six
one two one one,one two one one
two six six six,two six six six
five four three,five four three
five six one one,five six one one
one one one one,one one one one
two two two two,two two two two
one two three four,one two three four
one two five six,one two five six
one two one one,one two one one
two six six six,two six six six
five four three,five four three
five six one one,five six one one
one one one one,one one one one
two two two two,two two two two
one two three four,one two three four
one two five six,one two five six
one two one one,one two one one
two six six six,two six six six
five four three,five four three
five six one one,five six one one
one one one one,one one one one
two two two two,two two two two
one two three four,one two three four
one two five six,one two five six
one two one one,one two one one
two six six six,two six six six
five four three,five four three
five six one one,five six one one
one one one one,one one one one
two two two two,two two two two
one two three four,one two three four
one two five six,one two five six
one two one one,one two one one
two six six six,two six six six
five four three,five four three
five six one one,five six one one
one one one one,one one one one
two two two two,two two two two
one two three four,one two three four
one two five six,one two five six
one two one one,one two one one
two six six six,two six six six
five four three,five four three
five six one one,five six one one
one one one one,one one one one
two two two two,two two two two
one two three four,one two three four
one two five six,one two five six
one two one one,one two one one
two six six six,two six six six
five four three,five four three
five six one one,five six one one
one one one one,one one one one
two two two two,two two two two
one two three four,one two three four
one two five six,one two five six
one two one one,one two one one
two six six six,two six six six
five four three,five four three
five six one one,five six one one
one one one one,one one one one
two two two two,two two two two
one two three four,one two three four
one two five six,one two five six
one two one one,one two one one
two six six six,two six six six
five four three,five four three
five six one one,five six one one
one one one one,one one one one
two two two two,two two two two
one two three four,one two three four
one two five six,one two five six
one two one one,one two one one
two six six six,two six six six
five four three,five four three
five six one one,five six one one
one one one one,one one one one
two two two two,two two two two
one two three four,one two three four
one two five six,one two five six
one two one one,one two one one
two six six six,two six six six
five four three,five four three
five six one one,five six one one
one one one one,one one one one
two two two two,two two two two
one two three four,one two three four
one two five six,one two five six
one two one one,one two one one
two six six six,two six six six
five four three,five four three
five six one one,five six one one
one one one one,one one one one
two two two two,two two two two
one two three four,one two three four
one two five six,one two five six
one two one one,one two one one
two six six six,two six six six
five four three,five four three
five six one one,five six one one
one one one one,one one one one
two two two two,two two two two
one two three four,one two three four
one two five six,one two five six
one two one one,one two one one
two six six six,two six six six
five four three,five four three
five six one one,five six one one
one one one one,one one one one
two two two two,two two two two
one two three four,one two three four
one two five six,one two five six
one two one one,one two one one
two six six six,two six six six
five four three,five four three
five six one one,five six one one
one one one one,one one one one
two two two two,two two two two
one two three four,one two three four
one two five six,one two five six
one two one one,one two one one
two six six six,two six six six
five four three,five four three
five six one one,five six one one
one one one one,one one one one
two two two two,two two two two
one two three four,one two three four
one two five six,one two five six
one two one one,one two one one
two six six six,two six six six
five four three,five four three
five six one one,five six one one
one one one one,one one one one
two two two two,two two two two
one two three four,one two three four
one two five six,one two five six
one two one one,one two one one
two six six six,two six six six
five four three,five four three
five six one one,five six one one
one one one one,one one one one
two two two two,two two two two
one two three four,one two three four
one two five six,one two five six
one two one one,one two one one
two six six six,two six six six
five four three,five four three
five six one one,five six one one
one one one one,one one one one
two two two two,two two two two
one two three four,one two three four
one two five six,one two five six
one two one one,one two one one
two six six six,two six six six
five four three,five four three
five six one one,five six one one
one one one one,one one one one
two two two two,two two two two
one two three four,one two three four
one two five six,one two five six
one two one one,one two one one
two six six six,two six six six
five four three,five four three
five six one one,five six one one
one one one one,one one one one
two two two two,two two two two
one two three four,one two three four
one two five six,one two five six
one two one one,one two one one
two six six six,two six six six
five four three,five four three
five six one one,five six one one
one one one one,one one one one
two two two two,two two two two
one two three four,one two three four
one two five six,one two five six
one two one one,one two one one
two six six six,two six six six
five four three,five four three
five six one one,five six one one
one one one one,one one one one
two two two two,two two two two
one two three four,one two three four
one two five six,one two five six
one two one one,one two one one
two six six six,two six six six
five four three,five four three
five six one one,five six one one
one one one one,one one one one
two two two two,two two two two
one two three four,one two three four
one two five six,one two five six
one two one one,one two one one
two six six six,two six six six
five four three,five four three
five six one one,five six one one
one one one one,one one one one
two two two two,two two two two
one two three four,one two three four
one two five six,one two five six
one two one one,one two one one
two six six six,two six six six
five four three,five four three
five six one one,five six one one
one one one one,one one one one
two two two two,two two two two
one two three four,one two three four
one two five six,one two five six
one two one one,one two one one
two six six six,two six six six
five four three,five four three
five six one one,five six one one
one one one one,one one one one
two two two two,two two two two
one two three four,one two three four
one two five six,one two five six
one two one one,one two one one
two six six six,two six six six
five four three,five four three
five six one one,five six one one
one one one one,one one one one
two two two two,two two two two
one two three four,one two three four
one two five six,one two five six
one two one one,one two one one
two six six six,two six six six
five four three,five four three
five six one one,five six one one
one one one one,one one one one
two two two two,two two two two
one two three four,one two three four
one two five six,one two five six
one two one one,one two one one
two six six six,two six six six
five four three,five four three
five six one one,five six one one
one one one one,one one one one
two two two two,two two two two
one two three four,one two three four
one two five six,one two five six
one two one one,one two one one
two six six six,two six six six
five four three,five four three
five six one one,five six one one
one one one one,one one one one
two two two two,two two two two
one two three four,one two three four
one two five six,one two five six
one two one one,one two one one
two six six six,two six six six
five four three,five four three
five six one one,five six one one
one one one one,one one one one
two two two two,two two two two
one two three four,one two three four
one two five six,one two five six
one two one one,one two one one
two six six six,two six six six
five four three,five four three
five six one one,five six one one
one one one one,one one one one
two two two two,two two two two
one two three four,one two three four
one two five six,one two five six
one two one one,one two one one
two six six six,two six six six
five four three,five four three
five six one one,five six one one
one one one one,one one one one
two two two two,two two two two
one two three four,one two three four
one two five six,one two five six
one two one one,one two one one
two six six six,two six six six
five four three,five four three
five six one one,five six one one
one one one one,one one one one
two two two two,two two two two
one two three four,one two three four
one two five six,one two five six
one two one one,one two one one
two six six six,two six six six
five four three,five four three
five six one one,five six one one
one one one one,one one one one
two two two two,two two two two
one two three four,one two three four
one two five six,one two five six
one two one one,one two one one
two six six six,two six six six
five four three,five four three
five six one one,five six one one
one one one one,one one one one
two two two two,two two two two
one two three four,one two three four
one two five six,one two five six
one two one one,one two one one
two six six six,two six six six
five four three,five four three
five six one one,five six one one
one one one one,one one one one
two two two two,two two two two
one two three four,one two three four
one two five six,one two five six
one two one one,one two one one
two six six six,two six six six
five four three,five four three
five six one one,five six one one
one one one one,one one one one
two two two two,two two two two
one two three four,one two three four
one two five six,one two five six
one two one one,one two one one
two six six six,two six six six
five four three,five four three
five six one one,five six one one
one one one one,one one one one
two two two two,two two two two
one two three four,one two three four
one two five six,one two five six
one two one one,one two one one
two six six six,two six six six
five four three,five four three
five six one one,five six one one
one one one one,one one one one
two two two two,two two two two
one two three four,one two three four
one two five six,one two five six
one two one one,one two one one
two six six six,two six six six
five four three,five four three
five six one one,five six one one
one one one one,one one one one
two two two two,two two two two
one two three four,one two three four
one two five six,one two five six
one two one one,one two one one
two six six six,two six six six
five four three,five four three
five six one one,five six one one
one one one one,one one one one
two two two two,two two two two
one two three four,one two three four
one two five six,one two five six
one two one one,one two one one
two six six six,two six six six
five four three,five four three
five six one one,five six one one
one one one one,one one one one
two two two two,two two two two
one two three four,one two three four
one two five six,one two five six
one two one one,one two one one
two six six six,two six six six
five four three,five four three
five six one one,five six one one
one one one one,one one one one
two two two two,two two two two
one two three four,one two three four
one two five six,one two five six
one two one one,one two one one
two six six six,two six six six
five four three,five four three
five six one one,five six one one
one one one one,one one one one
two two two two,two two two two
one two three four,one two three four
one two five six,one two five six
one two one one,one two one one
two six six six,two six six six
five four three,five four three
five six one one,five six one one
one one one one,one one one one
two two two two,two two two two
one two three four,one two three four
one two five six,one two five six
one two one one,one two one one
two six six six,two six six six
five four three,five four three
five six one one,five six one one
one one one one,one one one one
two two two two,two two two two
one two three four,one two three four
one two five six,one two five six
one two one one,one two one one
two six six six,two six six six
five four three,five four three
five six one one,five six one one
one one one one,one one one one
two two two two,two two two two
one two three four,one two three four
one two five six,one two five six
one two one one,one two one one
two six six six,two six six six
five four three,five four three
five six one one,five six one one
one one one one,one one one one
two two two two,two two two two
one two three four,one two three four
one two five six,one two five six
one two one one,one two one one
two six six six,two six six six
five four three,five four three
five six one one,five six one one
one one one one,one one one one
two two two two,two two two two
one two three four,one two three four
one two five six,one two five six
one two one one,one two one one
two six six six,two six six six
five four three,five four three
five six one one,five six one one
one one one one,one one one one
two two two two,two two two two
one two three four,one two three four
one two five six,one two five six
one two one one,one two one one
two six six six,two six six six
five four three,five four three
five six one one,five six one one
one one one one,one one one one
two two two two,two two two two
one two three four,one two three four
one two five six,one two five six
one two one one,one two one one
two six six six,two six six six
five four three,five four three
five six one one,five six one one
one one one one,one one one one
two two two two,two two two two
one two three four,one two three four
one two five six,one two five six
one two one one,one two one one
two six six six,two six six six
five four three,five four three
five six one one,five six one one
one one one one,one one one one
two two two two,two two two two
one two three four,one two three four
one two five six,one two five six
one two one one,one two one one
two six six six,two six six six
five four three,five four three
five six one one,five six one one
one one one one,one one one one
two two two two,two two two two
one two three four,one two three four
one two five six,one two five six
one two one one,one two one one
two six six six,two six six six
five four three,five four three
five six one one,five six one one
one one one one,one one one one
two two two two,two two two two
one two three four,one two three four
one two five six,one two five six
one two one one,one two one one
two six six six,two six six six
five four three,five four three
five six one one,five six one one
one one one one,one one one one
two two two two,two two two two
one two three four,one two three four
one two five six,one two five six
one two one one,one two one one
two six six six,two six six six
five four three,five four three
five six one one,five six one one
one one one one,one one one one
two two two two,two two two two
one two three four,one two three four
one two five six,one two five six
one two one one,one two one one
two six six six,two six six six
five four three,five four three
five six one one,five six one one
one one one one,one one one one
two two two two,two two two two
one two three four,one two three four
one two five six,one two five six
one two one one,one two one one
two six six six,two six six six
five four three,five four three
five six one one,five six one one
one one one one,one one one one
two two two two,two two two two
one two three four,one two three four
one two five six,one two five six
one two one one,one two one one
two six six six,two six six six
five four three,five four three
five six one one,five six one one
one one one one,one one one one
two two two two,two two two two
one two three four,one two three four
one two five six,one two five six
one two one one,one two one one
two six six six,two six six six
five four three,five four three
five six one one,five six one one
one one one one,one one one one
two two two two,two two two two
one two three four,one two three four
one two five six,one two five six
one two one one,one two one one
two six six six,two six six six
five four three,five four three
five six one one,five six one one
one one one one,one one one one
two two two two,two two two two
one two three four,one two three four
one two five six,one two five six
one two one one,one two one one
two six six six,two six six six
five four three,five four three
five six one one,five six one one
one one one one,one one one one
two two two two,two two two two
one two three four,one two three four
one two five six,one two five six
one two one one,one two one one
two six six six,two six six six
five four three,five four three
five six one one,five six one one
one one one one,one one one one
two two two two,two two two two
one two three four,one two three four
one two five six,one two five six
one two one one,one two one one
two six six six,two six six six
five four three,five four three
five six one one,five six one one
one one one one,one one one one
two two two two,two two two two
one two three four,one two three four
one two five six,one two five six
one two one one,one two one one
two six six six,two six six six
five four three,five four three
five six one one,five six one one
one one one one,one one one one
two two two two,two two two two
one two three four,one two three four
one two five six,one two five six
one two one one,one two one one
two six six six,two six six six
five four three,five four three
five six one one,five six one one
one one one one,one one one one
two two two two,two two two two
one two three four,one two three four
one two five six,one two five six
one two one one,one two one one
two six six six,two six six six
five four three,five four three
five six one one,five six one one
one one one one,one one one one
two two two two,two two two two
one two three four,one two three four
one two five six,one two five six
one two one one,one two one one
two six six six,two six six six
five four three,five four three
five six one one,five six one one
one one one one,one one one one
two two two two,two two two two
one two three four,one two three four
one two five six,one two five six
one two one one,one two one one
two six six six,two six six six
five four three,five four three
five six one one,five six one one
one one one one,one one one one
two two two two,two two two two
one two three four,one two three four
one two five six,one two five six
one two one one,one two one one
two six six six,two six six six
five four three,five four three
five six one one,five six one one
one one one one,one one one one
two two two two,two two two two
one two three four,one two three four
one two five six,one two five six
one two one one,one two one one
two six six six,two six six six
five four three,five four three
five six one one,five six one one
one one one one,one one one one
two two two two,two two two two
one two three four,one two three four
one two five six,one two five six
one two one one,one two one one
two six six six,two six six six
five four three,five four three
five six one one,five six one one
one one one one,one one one one
two two two two,two two two two
one two three four,one two three four
one two five six,one two five six
one two one one,one two one one
two six six six,two six six six
five four three,five four three
five six one one,five six one one
one one one one,one one one one
two two two two,two two two two
one two three four,one two three four
one two five six,one two five six
one two one one,one two one one
two six six six,two six six six
five four three,five four three
five six one one,five six one one
one one one one,one one one one
two two two two,two two two two
one two three four,one two three four
one two five six,one two five six
one two one one,one two one one
two six six six,two six six six
five four three,five four three
five six one one,five six one one
one one one one,one one one one
two two two two,two two two two
one two three four,one two three four
one two five six,one two five six
one two one one,one two one one
two six six six,two six six six
five four three,five four three
five six one one,five six one one
one one one one,one one one one
two two two two,two two two two
one two three four,one two three four
one two five six,one two five six
one two one one,one two one one
two six six six,two six six six
five four three,five four three
five six one one,five six one one
one one one one,one one one one
two two two two,two two two two
one two three four,one two three four
one two five six,one two five six
one two one one,one two one one
two six six six,two six six six
five four three,five four three
five six one one,five six one one
one one one one,one one one one
two two two two,two two two two
one two three four,one two three four
one two five six,one two five six
one two one one,one two one one
two six six six,two six six six
five four three,five four three
five six one one,five six one one
one one one one,one one one one
two two two two,two two two two
one two three four,one two three four
one two five six,one two five six
one two one one,one two one one
two six six six,two six six six
five four three,five four three
five six one one,five six one one
one one one one,one one one one
two two two two,two two two two
one two three four,one two three four
one two five six,one two five six
one two one one,one two one one
two six six six,two six six six
five four three,five four three
five six one one,five six one one
one one one one,one one one one
two two two two,two two two two
one two three four,one two three four
one two five six,one two five six
one two one one,one two one one
two six six six,two six six six
five four three,five four three
five six one one,five six one one
one one one one,one one one one
two two two two,two two two two
one two three four,one two three four
one two five six,one two five six
one two one one,one two one one
two six six six,two six six six
five four three,five four three
five six one one,five six one one
one one one one,one one one one
two two two two,two two two two
one two three four,one two three four
one two five six,one two five six
one two one one,one two one one
two six six six,two six six six
five four three,five four three
five six one one,five six one one
one one one one,one one one one
two two two two,two two two two
one two three four,one two three four
one two five six,one two five six
one two one one,one two one one
two six six six,two six six six
five four three,five four three
five six one one,five six one one
one one one one,one one one one
two two two two,two two two two
one two three four,one two three four
one two five six,one two five six
one two one one,one two one one
two six six six,two six six six
five four three,five four three
five six one one,five six one one
one one one one,one one one one
two two two two,two two two two
one two three four,one two three four
one two five six,one two five six
one two one one,one two one one
two six six six,two six six six
five four three,five four three
five six one one,five six one one
one one one one,one one one one
two two two two,two two two two
one two three four,one two three four
one two five six,one two five six
one two one one,one two one one
two six six six,two six six six
five four three,five four three
five six one one,five six one one
one one one one,one one one one
two two two two,two two two two
one two three four,one two three four
one two five six,one two five six
one two one one,one two one one
two six six six,two six six six
five four three,five four three
five six one one,five six one one
one one one one,one one one one
two two two two,two two two two
one two three four,one two three four
one two five six,one two five six
one two one one,one two one one
two six six six,two six six six
five four three,five four three
five six one one,five six one one
one one one one,one one one one
two two two two,two two two two
one two three four,one two three four
one two five six,one two five six
one two one one,one two one one
two six six six,two six six six
five four three,five four three
five six one one,five six one one
one one one one,one one one one
two two two two,two two two two
one two three four,one two three four
one two five six,one two five six
one two one one,one two one one
two six six six,two six six six
five four three,five four three
five six one one,five six one one
one one one one,one one one one
two two two two,two two two two
one two three four,one two three four
one two five six,one two five six
one two one one,one two one one
two six six six,two six six six
five four three,five four three
five six one one,five six one one
one one one one,one one one one
two two two two,two two two two
one two three four,one two three four
one two five six,one two five six
one two one one,one two one one
two six six six,two six six six
five four three,five four three
five six one one,five six one one
one one one one,one one one one
two two two two,two two two two
one two three four,one two three four
one two five six,one two five six
one two one one,one two one one
two six six six,two six six six
five four three,five four three
five six one one,five six one one
one one one one,one one one one
two two two two,two two two two
one two three four,one two three four
one two five six,one two five six
one two one one,one two one one
two six six six,two six six six
five four three,five four three
five six one one,five six one one
one one one one,one one one one
two two two two,two two two two
one two three four,one two three four
one two five six,one two five six
one two one one,one two one one
two six six six,two six six six
five four three,five four three
five six one one,five six one one
one one one one,one one one one
two two two two,two two two two
one two three four,one two three four
one two five six,one two five six
one two one one,one two one one
two six six six,two six six six
five four three,five four three
five six one one,five six one one
one one one one,one one one one
two two two two,two two two two
one two three four,one two three four
one two five six,one two five six
one two one one,one two one one
two six six six,two six six six
five four three,five four three
five six one one,five six one one
one one one one,one one one one
two two two two,two two two two
one two three four,one two three four
one two five six,one two five six
one two one one,one two one one
two six six six,two six six six
five four three,five four three
five six one one,five six one one
one one one one,one one one one
two two two two,two two two two
one two three four,one two three four
one two five six,one two five six
one two one one,one two one one
two six six six,two six six six
five four three,five four three
five six one one,five six one one
one one one one,one one one one
two two two two,two two two two
one two three four,one two three four
one two five six,one two five six
one two one one,one two one one
two six six six,two six six six
five four three,five four three
five six one one,five six one one
one one one one,one one one one
two two two two,two two two two
one two three four,one two three four
one two five six,one two five six
one two one one,one two one one
two six six six,two six six six
five four three,five four three
five six one one,five six one one
one one one one,one one one one
two two two two,two two two two
one two three four,one two three four
one two five six,one two five six
one two one one,one two one one
two six six six,two six six six
five four three,five four three
five six one one,five six one one
one one one one,one one one one
two two two two,two two two two
one two three four,one two three four
one two five six,one two five six
one two one one,one two one one
two six six six,two six six six
five four three,five four three
five six one one,five six one one
one one one one,one one one one
two two two two,two two two two
one two three four,one two three four
one two five six,one two five six
one two one one,one two one one
two six six six,two six six six
five four three,five four three
five six one one,five six one one
one one one one,one one one one
two two two two,two two two two
one two three four,one two three four
one two five six,one two five six
one two one one,one two one one
two six six six,two six six six
five four three,five four three
five six one one,five six one one
one one one one,one one one one
two two two two,two two two two
one two three four,one two three four
one two five six,one two five six
one two one one,one two one one
two six six six,two six six six
five four three,five four three
five six one one,five six one one
one one one one,one one one one
two two two two,two two two two
one two three four,one two three four
one two five six,one two five six
one two one one,one two one one
two six six six,two six six six
five four three,five four three
five six one one,five six one one
one one one one,one one one one
two two two two,two two two two
one two three four,one two three four
one two five six,one two five six
one two one one,one two one one
two six six six,two six six six
five four three,five four three
five six one one,five six one one
one one one one,one one one one
two two two two,two two two two
one two three four,one two three four
one two five six,one two five six
one two one one,one two one one
two six six six,two six six six
five four three,five four three
five six one one,five six one one
one one one one,one one one one
two two two two,two two two two
one two three four,one two three four
one two five six,one two five six
one two one one,one two one one
two six six six,two six six six
five four three,five four three
five six one one,five six one one
one one one one,one one one one
two two two two,two two two two
one two three four,one two three four
one two five six,one two five six
one two one one,one two one one
two six six six,two six six six
five four three,five four three
five six one one,five six one one
one one one one,one one one one
two two two two,two two two two
one two three four,one two three four
one two five six,one two five six
one two one one,one two one one
two six six six,two six six six
five four three,five four three
five six one one,five six one one
one one one one,one one one one
two two two two,two two two two
one two three four,one two three four
one two five six,one two five six
one two one one,one two one one
two six six six,two six six six
five four three,five four three
five six one one,five six one one
one one one one,one one one one
two two two two,two two two two
one two three four,one two three four
one two five six,one two five six
one two one one,one two one one
two six six six,two six six six
five four three,five four three
five six one one,five six one one
one one one one,one one one one
two two two two,two two two two
one two three four,one two three four
one two five six,one two five six
one two one one,one two one one
two six six six,two six six six
five four three,five four three
five six one one,five six one one
one one one one,one one one one
two two two two,two two two two
one two three four,one two three four
one two five six,one two five six
one two one one,one two one one
two six six six,two six six six
five four three,five four three
five six one one,five six one one
one one one one,one one one one
two two two two,two two two two
one two three four,one two three four
one two five six,one two five six
one two one one,one two one one
two six six six,two six six six
five four three,five four three
five six one one,five six one one
one one one one,one one one one
two two two two,two two two two
one two three four,one two three four
one two five six,one two five six
one two one one,one two one one
two six six six,two six six six
five four three,five four three
five six one one,five six one one
one one one one,one one one one
two two two two,two two two two
one two three four,one two three four
one two five six,one two five six
one two one one,one two one one
two six six six,two six six six
five four three,five four three
five six one one,five six one one
one one one one,one one one one
two two two two,two two two two
one two three four,one two three four
one two five six,one two five six
one two one one,one two one one
two six six six,two six six six
five four three,five four three
five six one one,five six one one
one one one one,one one one one
two two two two,two two two two
one two three four,one two three four
one two five six,one two five six
one two one one,one two one one
two six six six,two six six six
five four three,five four three
five six one one,five six one one
one one one one,one one one one
two two two two,two two two two
one two three four,one two three four
one two five six,one two five six
one two one one,one two one one
two six six six,two six six six
five four three,five four three
five six one one,five six one one
one one one one,one one one one
two two two two,two two two two
one two three four,one two three four
one two five six,one two five six
one two one one,one two one one
two six six six,two six six six
five four three,five four three
five six one one,five six one one
one one one one,one one one one
two two two two,two two two two
one two three four,one two three four
one two five six,one two five six
one two one one,one two one one
two six six six,two six six six
five four three,five four three
five six one one,five six one one
one one one one,one one one one
two two two two,two two two two
one two three four,one two three four
one two five six,one two five six
one two one one,one two one one
two six six six,two six six six
five four three,five four three
five six one one,five six one one
one one one one,one one one one
two two two two,two two two two
one two three four,one two three four
one two five six,one two five six
one two one one,one two one one
two six six six,two six six six
five four three,five four three
five six one one,five six one one
one one one one,one one one one
two two two two,two two two two
one two three four,one two three four
one two five six,one two five six
one two one one,one two one one
two six six six,two six six six
five four three,five four three
five six one one,five six one one
one one one one,one one one one
two two two two,two two two two
one two three four,one two three four
one two five six,one two five six
one two one one,one two one one
two six six six,two six six six
five four three,five four three
five six one one,five six one one
one one one one,one one one one
two two two two,two two two two
one two three four,one two three four
one two five six,one two five six
one two one one,one two one one
two six six six,two six six six
five four three,five four three
five six one one,five six one one
one one one one,one one one one
two two two two,two two two two
one two three four,one two three four
one two five six,one two five six
one two one one,one two one one
two six six six,two six six six
five four three,five four three
five six one one,five six one one
one one one one,one one one one
two two two two,two two two two
one two three four,one two three four
one two five six,one two five six
one two one one,one two one one
two six six six,two six six six
five four three,five four three
five six one one,five six one one
one one one one,one one one one
two two two two,two two two two
one two three four,one two three four
one two five six,one two five six
one two one one,one two one one
two six six six,two six six six
five four three,five four three
five six one one,five six one one
one one one one,one one one one
two two two two,two two two two
one two three four,one two three four
one two five six,one two five six
one two one one,one two one one
two six six six,two six six six
five four three,five four three
five six one one,five six one one
one one one one,one one one one
two two two two,two two two two
one two three four,one two three four
one two five six,one two five six
one two one one,one two one one
two six six six,two six six six
five four three,five four three
five six one one,five six one one
one one one one,one one one one
two two two two,two two two two
one two three four,one two three four
one two five six,one two five six
one two one one,one two one one
two six six six,two six six six
five four three,five four three
five six one one,five six one one
one one one one,one one one one
two two two two,two two two two
one two three four,one two three four
one two five six,one two five six
one two one one,one two one one
two six six six,two six six six
five four three,five four three
five six one one,five six one one
one one one one,one one one one
two two two two,two two two two
one two three four,one two three four
one two five six,one two five six
one two one one,one two one one
two six six six,two six six six
five four three,five four three
five six one one,five six one one
one one one one,one one one one
two two two two,two two two two
one two three four,one two three four
one two five six,one two five six
one two one one,one two one one
two six six six,two six six six
five four three,five four three
five six one one,five six one one
one one one one,one one one one
two two two two,two two two two
one two three four,one two three four
one two five six,one two five six
one two one one,one two one one
two six six six,two six six six
five four three,five four three
five six one one,five six one one
one one one one,one one one one
two two two two,two two two two
one two three four,one two three four
one two five six,one two five six
one two one one,one two one one
two six six six,two six six six
five four three,five four three
five six one one,five six one one
one one one one,one one one one
two two two two,two two two two
one two three four,one two three four
one two five six,one two five six
one two one one,one two one one
two six six six,two six six six
five four three,five four three
five six one one,five six one one
one one one one,one one one one
two two two two,two two two two
one two three four,one two three four
one two five six,one two five six
one two one one,one two one one
two six six six,two six six six
five four three,five four three
five six one one,five six one one
one one one one,one one one one
two two two two,two two two two
one two three four,one two three four
one two five six,one two five six
one two one one,one two one one
two six six six,two six six six
five four three,five four three
five six one one,five six one one
one one one one,one one one one
two two two two,two two two two
one two three four,one two three four
one two five six,one two five six
one two one one,one two one one
two six six six,two six six six
five four three,five four three
five six one one,five six one one
one one one one,one one one one
two two two two,two two two two
one two three four,one two three four
one two five six,one two five six
one two one one,one two one one
two six six six,two six six six
five four three,five four three
five six one one,five six one one
one one one one,one one one one
two two two two,two two two two
one two three four,one two three four
one two five six,one two five six
one two one one,one two one one
two six six six,two six six six
five four three,five four three
five six one one,five six one one
one one one one,one one one one
two two two two,two two two two
one two three four,one two three four
one two five six,one two five six
one two one one,one two one one
two six six six,two six six six
five four three,five four three
five six one one,five six one one
one one one one,one one one one
two two two two,two two two two
one two three four,one two three four
one two five six,one two five six
one two one one,one two one one
two six six six,two six six six
five four three,five four three
five six one one,five six one one
one one one one,one one one one
two two two two,two two two two
one two three four,one two three four
one two five six,one two five six
one two one one,one two one one
two six six six,two six six six
five four three,five four three
five six one one,five six one one
one one one one,one one one one
two two two two,two two two two
one two three four,one two three four
one two five six,one two five six
one two one one,one two one one
two six six six,two six six six
five four three,five four three
five six one one,five six one one
one one one one,one one one one
two two two two,two two two two
one two three four,one two three four
one two five six,one two five six
one two one one,one two one one
two six six six,two six six six
five four three,five four three
five six one one,five six one one
one one one one,one one one one
two two two two,two two two two
one two three four,one two three four
one two five six,one two five six
one two one one,one two one one
two six six six,two six six six
five four three,five four three
five six one one,five six one one
one one one one,one one one one
two two two two,two two two two
one two three four,one two three four
one two five six,one two five six
one two one one,one two one one
two six six six,two six six six
five four three,five four three
five six one one,five six one one
one one one one,one one one one
two two two two,two two two two
one two three four,one two three four
one two five six,one two five six
one two one one,one two one one
two six six six,two six six six
five four three,five four three
five six one one,five six one one
one one one one,one one one one
two two two two,two two two two
one two three four,one two three four
one two five six,one two five six
one two one one,one two one one
two six six six,two six six six
five four three,five four three
five six one one,five six one one
one one one one,one one one one
two two two two,two two two two
one two three four,one two three four
one two five six,one two five six
one two one one,one two one one
two six six six,two six six six
five four three,five four three
five six one one,five six one one
one one one one,one one one one
two two two two,two two two two
one two three four,one two three four
one two five six,one two five six
one two one one,one two one one
two six six six,two six six six
five four three,five four three
five six one one,five six one one
one one one one,one one one one
two two two two,two two two two
one two three four,one two three four
one two five six,one two five six
one two one one,one two one one
two six six six,two six six six
five four three,five four three
five six one one,five six one one
one one one one,one one one one
two two two two,two two two two
one two three four,one two three four
one two five six,one two five six
one two one one,one two one one
two six six six,two six six six
five four three,five four three
five six one one,five six one one
one one one one,one one one one
two two two two,two two two two
one two three four,one two three four
one two five six,one two five six
one two one one,one two one one
two six six six,two six six six
five four three,five four three
five six one one,five six one one
one one one one,one one one one
two two two two,two two two two
one two three four,one two three four
one two five six,one two five six
one two one one,one two one one
two six six six,two six six six
five four three,five four three
five six one one,five six one one
one one one one,one one one one
two two two two,two two two two
one two three four,one two three four
one two five six,one two five six
one two one one,one two one one
two six six six,two six six six
five four three,five four three
five six one one,five six one one
one one one one,one one one one
two two two two,two two two two
one two three four,one two three four
one two five six,one two five six
one two one one,one two one one
two six six six,two six six six
five four three,five four three
five six one one,five six one one
one one one one,one one one one
two two two two,two two two two
one two three four,one two three four
one two five six,one two five six
one two one one,one two one one
two six six six,two six six six
five four three,five four three
five six one one,five six one one
one one one one,one one one one
two two two two,two two two two
one two three four,one two three four
one two five six,one two five six
one two one one,one two one one
two six six six,two six six six
five four three,five four three
five six one one,five six one one
one one one one,one one one one
two two two two,two two two two
one two three four,one two three four
one two five six,one two five six
one two one one,one two one one
two six six six,two six six six
five four three,five four three
five six one one,five six one one
one one one one,one one one one
two two two two,two two two two
one two three four,one two three four
one two five six,one two five six
one two one one,one two one one
two six six six,two six six six
five four three,five four three
five six one one,five six one one
one one one one,one one one one
two two two two,two two two two
one two three four,one two three four
one two five six,one two five six
one two one one,one two one one
two six six six,two six six six
five four three,five four three
five six one one,five six one one
one one one one,one one one one
two two two two,two two two two
one two three four,one two three four
one two five six,one two five six
one two one one,one two one one
two six six six,two six six six
five four three,five four three
five six one one,five six one one
one one one one,one one one one
two two two two,two two two two
one two three four,one two three four
one two five six,one two five six
one two one one,one two one one
two six six six,two six six six
five four three,five four three
five six one one,five six one one
one one one one,one one one one
two two two two,two two two two
one two three four,one two three four
one two five six,one two five six
one two one one,one two one one
two six six six,two six six six
five four three,five four three
five six one one,five six one one
one one one one,one one one one
two two two two,two two two two
one two three four,one two three four
one two five six,one two five six
one two one one,one two one one
two six six six,two six six six
five four three,five four three
five six one one,five six one one
one one one one,one one one one
two two two two,two two two two
one two three four,one two three four
one two five six,one two five six
one two one one,one two one one
two six six six,two six six six
five four three,five four three
five six one one,five six one one
one one one one,one one one one
two two two two,two two two two
one two three four,one two three four
one two five six,one two five six
one two one one,one two one one
two six six six,two six six six
five four three,five four three
five six one one,five six one one
one one one one,one one one one
two two two two,two two two two
one two three four,one two three four
one two five six,one two five six
one two one one,one two one one
two six six six,two six six six
five four three,five four three
five six one one,five six one one
one one one one,one one one one
two two two two,two two two two
one two three four,one two three four
one two five six,one two five six
one two one one,one two one one
two six six six,two six six six
five four three,five four three
five six one one,five six one one
one one one one,one one one one
two two two two,two two two two
one two three four,one two three four
one two five six,one two five six
one two one one,one two one one
two six six six,two six six six
five four three,five four three
five six one one,five six one one
one one one one,one one one one
two two two two,two two two two
one two three four,one two three four
one two five six,one two five six
one two one one,one two one one
two six six six,two six six six
five four three,five four three
five six one one,five six one one
one one one one,one one one one
two two two two,two two two two
one two three four,one two three four
one two five six,one two five six
one two one one,one two one one
two six six six,two six six six
five four three,five four three
five six one one,five six one one
one one one one,one one one one
two two two two,two two two two
one two three four,one two three four
one two five six,one two five six
one two one one,one two one one
two six six six,two six six six
five four three,five four three
five six one one,five six one one
one one one one,one one one one
two two two two,two two two two
one two three four,one two three four
one two five six,one two five six
one two one one,one two one one
two six six six,two six six six
five four three,five four three
five six one one,five six one one
one one one one,one one one one
two two two two,two two two two
one two three four,one two three four
one two five six,one two five six
one two one one,one two one one
two six six six,two six six six
five four three,five four three
five six one one,five six one one
one one one one,one one one one
two two two two,two two two two
one two three four,one two three four
one two five six,one two five six
one two one one,one two one one
two six six six,two six six six
five four three,five four three
five six one one,five six one one
one one one one,one one one one
two two two two,two two two two
one two three four,one two three four
one two five six,one two five six
one two one one,one two one one
two six six six,two six six six
five four three,five four three
five six one one,five six one one
one one one one,one one one one
two two two two,two two two two
one two three four,one two three four
one two five six,one two five six
one two one one,one two one one
two six six six,two six six six
five four three,five four three
five six one one,five six one one
one one one one,one one one one
two two two two,two two two two
one two three four,one two three four
one two five six,one two five six
one two one one,one two one one
two six six six,two six six six
five four three,five four three
five six one one,five six one one
one one one one,one one one one
two two two two,two two two two
one two three four,one two three four
one two five six,one two five six
one two one one,one two one one
two six six six,two six six six
five four three,five four three
five six one one,five six one one
one one one one,one one one one
two two two two,two two two two
one two three four,one two three four
one two five six,one two five six
one two one one,one two one one
two six six six,two six six six
five four three,five four three
five six one one,five six one one
one one one one,one one one one
two two two two,two two two two
one two three four,one two three four
one two five six,one two five six
one two one one,one two one one
two six six six,two six six six
five four three,five four three
five six one one,five six one one
one one one one,one one one one
two two two two,two two two two
one two three four,one two three four
one two five six,one two five six
one two one one,one two one one
two six six six,two six six six
five four three,five four three
five six one one,five six one one
one one one one,one one one one
two two two two,two two two two
one two three four,one two three four
one two five six,one two five six
one two one one,one two one one
two six six six,two six six six
five four three,five four three
five six one one,five six one one
one one one one,one one one one
two two two two,two two two two
one two three four,one two three four
one two five six,one two five six
one two one one,one two one one
two six six six,two six six six
five four three,five four three
five six one one,five six one one
one one one one,one one one one
two two two two,two two two two
one two three four,one two three four
one two five six,one two five six
one two one one,one two one one
two six six six,two six six six
five four three,five four three
five six one one,five six one one
one one one one,one one one one
two two two two,two two two two
one two three four,one two three four
one two five six,one two five six
one two one one,one two one one
two six six six,two six six six
five four three,five four three
five six one one,five six one one
one one one one,one one one one
two two two two,two two two two
one two three four,one two three four
one two five six,one two five six
one two one one,one two one one
two six six six,two six six six
five four three,five four three
five six one one,five six one one
one one one one,one one one one
two two two two,two two two two
one two three four,one two three four
one two five six,one two five six
one two one one,one two one one
two six six six,two six six six
five four three,five four three
five six one one,five six one one
one one one one,one one one one
two two two two,two two two two
one two three four,one two three four
one two five six,one two five six
one two one one,one two one one
two six six six,two six six six
five four three,five four three
five six one one,five six one one
one one one one,one one one one
two two two two,two two two two
one two three four,one two three four
one two five six,one two five six
one two one one,one two one one
two six six six,two six six six
five four three,five four three
five six one one,five six one one
one one one one,one one one one
two two two two,two two two two
one two three four,one two three four
one two five six,one two five six
one two one one,one two one one
two six six six,two six six six
five four three,five four three
five six one one,five six one one
one one one one,one one one one
two two two two,two two two two
one two three four,one two three four
one two five six,one two five six
one two one one,one two one one
two six six six,two six six six
five four three,five four three
five six one one,five six one one
one one one one,one one one one
two two two two,two two two two
one two three four,one two three four
one two five six,one two five six
one two one one,one two one one
two six six six,two six six six
five four three,five four three
five six one one,five six one one
one one one one,one one one one
two two two two,two two two two
one two three four,one two three four
one two five six,one two five six
one two one one,one two one one
two six six six,two six six six
five four three,five four three
five six one one,five six one one
one one one one,one one one one
two two two two,two two two two
one two three four,one two three four
one two five six,one two five six
one two one one,one two one one
two six six six,two six six six
five four three,five four three
five six one one,five six one one
one one one one,one one one one
two two two two,two two two two
one two three four,one two three four
one two five six,one two five six
one two one one,one two one one
two six six six,two six six six
five four three,five four three
five six one one,five six one one
one one one one,one one one one
two two two two,two two two two
one two three four,one two three four
one two five six,one two five six
one two one one,one two one one
two six six six,two six six six
five four three,five four three
five six one one,five six one one
one one one one,one one one one
two two two two,two two two two
one two three four,one two three four
one two five six,one two five six
one two one one,one two one one
two six six six,two six six six
five four three,five four three
five six one one,five six one one
one one one one,one one one one
two two two two,two two two two
one two three four,one two three four
one two five six,one two five six
one two one one,one two one one
two six six six,two six six six
five four three,five four three
five six one one,five six one one
one one one one,one one one one
two two two two,two two two two
one two three four,one two three four
one two five six,one two five six
one two one one,one two one one
two six six six,two six six six
five four three,five four three
five six one one,five six one one
one one one one,one one one one
two two two two,two two two two
one two three four,one two three four
one two five six,one two five six
one two one one,one two one one
two six six six,two six six six
five four three,five four three
five six one one,five six one one
one one one one,one one one one
two two two two,two two two two
one two three four,one two three four
one two five six,one two five six
one two one one,one two one one
two six six six,two six six six
five four three,five four three
five six one one,five six one one
one one one one,one one one one
two two two two,two two two two
one two three four,one two three four
one two five six,one two five six
one two one one,one two one one
two six six six,two six six six
five four three,five four three
five six one one,five six one one
one one one one,one one one one
two two two two,two two two two
one two three four,one two three four
one two five six,one two five six
one two one one,one two one one
two six six six,two six six six
five four three,five four three
five six one one,five six one one
one one one one,one one one one
two two two two,two two two two
one two three four,one two three four
one two five six,one two five six
one two one one,one two one one
two six six six,two six six six
five four three,five four three
five six one one,five six one one
one one one one,one one one one
two two two two,two two two two
one two three four,one two three four
one two five six,one two five six
one two one one,one two one one
two six six six,two six six six
five four three,five four three
five six one one,five six one one
one one one one,one one one one
two two two two,two two two two
one two three four,one two three four
one two five six,one two five six
one two one one,one two one one
two six six six,two six six six
five four three,five four three
five six one one,five six one one
one one one one,one one one one
two two two two,two two two two
one two three four,one two three four
one two five six,one two five six
one two one one,one two one one
two six six six,two six six six
five four three,five four three
five six one one,five six one one
one one one one,one one one one
two two two two,two two two two
one two three four,one two three four
one two five six,one two five six
one two one one,one two one one
two six six six,two six six six
five four three,five four three
five six one one,five six one one
one one one one,one one one one
two two two two,two two two two
one two three four,one two three four
one two five six,one two five six
one two one one,one two one one
two six six six,two six six six
five four three,five four three
five six one one,five six one one
one one one one,one one one one
two two two two,two two two two
one two three four,one two three four
one two five six,one two five six
one two one one,one two one one
two six six six,two six six six
five four three,five four three
five six one one,five six one one
one one one one,one one one one
two two two two,two two two two
one two three four,one two three four
one two five six,one two five six
one two one one,one two one one
two six six six,two six six six
five four three,five four three
five six one one,five six one one
one one one one,one one one one
two two two two,two two two two
one two three four,one two three four
one two five six,one two five six
one two one one,one two one one
two six six six,two six six six
five four three,five four three
five six one one,five six one one
one one one one,one one one one
two two two two,two two two two
one two three four,one two three four
one two five six,one two five six
one two one one,one two one one
two six six six,two six six six
five four three,five four three
five six one one,five six one one
one one one one,one one one one
two two two two,two two two two
one two three four,one two three four
one two five six,one two five six
one two one one,one two one one
two six six six,two six six six
five four three,five four three
five six one one,five six one one
one one one one,one one one one
two two two two,two two two two
one two three four,one two three four
one two five six,one two five six
one two one one,one two one one
two six six six,two six six six
five four three,five four three
five six one one,five six one one
one one one one,one one one one
two two two two,two two two two
one two three four,one two three four
one two five six,one two five six
one two one one,one two one one
two six six six,two six six six
five four three,five four three
five six one one,five six one one
one one one one,one one one one
two two two two,two two two two
one two three four,one two three four
one two five six,one two five six
one two one one,one two one one
two six six six,two six six six
five four three,five four three
five six one one,five six one one
one one one one,one one one one
two two two two,two two two two
one two three four,one two three four
one two five six,one two five six
one two one one,one two one one
two six six six,two six six six
five four three,five four three
five six one one,five six one one
one one one one,one one one one
two two two two,two two two two
one two three four,one two three four
one two five six,one two five six
one two one one,one two one one
two six six six,two six six six
five four three,five four three
five six one one,five six one one
one one one one,one one one one
two two two two,two two two two
one two three four,one two three four
one two five six,one two five six
one two one one,one two one one
two six six six,two six six six
five four three,five four three
five six one one,five six one one
one one one one,one one one one
two two two two,two two two two
one two three four,one two three four
one two five six,one two five six
one two one one,one two one one
two six six six,two six six six
five four three,five four three
five six one one,five six one one
one one one one,one one one one
two two two two,two two two two
one two three four,one two three four
one two five six,one two five six
one two one one,one two one one
two six six six,two six six six
five four three,five four three
five six one one,five six one one
one one one one,one one one one
two two two two,two two two two
one two three four,one two three four
one two five six,one two five six
one two one one,one two one one
two six six six,two six six six
five four three,five four three
five six one one,five six one one
one one one one,one one one one
two two two two,two two two two
one two three four,one two three four
one two five six,one two five six
one two one one,one two one one
two six six six,two six six six
five four three,five four three
five six one one,five six one one
one one one one,one one one one
two two two two,two two two two
one two three four,one two three four
one two five six,one two five six
one two one one,one two one one
two six six six,two six six six
five four three,five four three
five six one one,five six one one
one one one one,one one one one
two two two two,two two two two
one two three four,one two three four
one two five six,one two five six
one two one one,one two one one
two six six six,two six six six
five four three,five four three
five six one one,five six one one
one one one one,one one one one
two two two two,two two two two
one two three four,one two three four
one two five six,one two five six
one two one one,one two one one
two six six six,two six six six
five four three,five four three
five six one one,five six one one
one one one one,one one one one
two two two two,two two two two
one two three four,one two three four
one two five six,one two five six
one two one one,one two one one
two six six six,two six six six
five four three,five four three
five six one one,five six one one
one one one one,one one one one
two two two two,two two two two
one two three four,one two three four
one two five six,one two five six
one two one one,one two one one
two six six six,two six six six
five four three,five four three
five six one one,five six one one
one one one one,one one one one
two two two two,two two two two
one two three four,one two three four
one two five six,one two five six
one two one one,one two one one
two six six six,two six six six
five four three,five four three
five six one one,five six one one
one one one one,one one one one
two two two two,two two two two
one two three four,one two three four
one two five six,one two five six
one two one one,one two one one
two six six six,two six six six
five four three,five four three
five six one one,five six one one
one one one one,one one one one
two two two two,two two two two
one two three four,one two three four
one two five six,one two five six
one two one one,one two one one
two six six six,two six six six
five four three,five four three
five six one one,five six one one
one one one one,one one one one
two two two two,two two two two
one two three four,one two three four
one two five six,one two five six
one two one one,one two one one
two six six six,two six six six
five four three,five four three
five six one one,five six one one
one one one one,one one one one
two two two two,two two two two
one two three four,one two three four
one two five six,one two five six
one two one one,one two one one
two six six six,two six six six
five four three,five four three
five six one one,five six one one
one one one one,one one one one
two two two two,two two two two
one two three four,one two three four
one two five six,one two five six
one two one one,one two one one
two six six six,two six six six
five four three,five four three
five six one one,five six one one
one one one one,one one one one
two two two two,two two two two
one two three four,one two three four
one two five six,one two five six
one two one one,one two one one
two six six six,two six six six
five four three,five four three
five six one one,five six one one
one one one one,one one one one
two two two two,two two two two
one two three four,one two three four
one two five six,one two five six
one two one one,one two one one
two six six six,two six six six
five four three,five four three
five six one one,five six one one
one one one one,one one one one
two two two two,two two two two
one two three four,one two three four
one two five six,one two five six
one two one one,one two one one
two six six six,two six six six
five four three,five four three
five six one one,five six one one
one one one one,one one one one
two two two two,two two two two
one two three four,one two three four
one two five six,one two five six
one two one one,one two one one
two six six six,two six six six
five four three,five four three
five six one one,five six one one
one one one one,one one one one
two two two two,two two two two
one two three four,one two three four
one two five six,one two five six
one two one one,one two one one
two six six six,two six six six
five four three,five four three
five six one one,five six one one
one one one one,one one one one
two two two two,two two two two
one two three four,one two three four
one two five six,one two five six
one two one one,one two one one
two six six six,two six six six
five four three,five four three
five six one one,five six one one
one one one one,one one one one
two two two two,two two two two
one two three four,one two three four
one two five six,one two five six
one two one one,one two one one
two six six six,two six six six
five four three,five four three
five six one one,five six one one
one one one one,one one one one
two two two two,two two two two
one two three four,one two three four
one two five six,one two five six
one two one one,one two one one
two six six six,two six six six
five four three,five four three
five six one one,five six one one
one one one one,one one one one
two two two two,two two two two
one two three four,one two three four
one two five six,one two five six
one two one one,one two one one
two six six six,two six six six
five four three,five four three
five six one one,five six one one
one one one one,one one one one
two two two two,two two two two
one two three four,one two three four
one two five six,one two five six
one two one one,one two one one
two six six six,two six six six
five four three,five four three
five six one one,five six one one
one one one one,one one one one
two two two two,two two two two
one two three four,one two three four
one two five six,one two five six
one two one one,one two one one
two six six six,two six six six
five four three,five four three
five six one one,five six one one
one one one one,one one one one
two two two two,two two two two
one two three four,one two three four
one two five six,one two five six
one two one one,one two one one
two six six six,two six six six
five four three,five four three
five six one one,five six one one
one one one one,one one one one
two two two two,two two two two
one two three four,one two three four
one two five six,one two five six
one two one one,one two one one
two six six six,two six six six
five four three,five four three
five six one one,five six one one
one one one one,one one one one
two two two two,two two two two
one two three four,one two three four
one two five six,one two five six
one two one one,one two one one
two six six six,two six six six
five four three,five four three
five six one one,five six one one
one one one one,one one one one
two two two two,two two two two
one two three four,one two three four
one two five six,one two five six
one two one one,one two one one
two six six six,two six six six
five four three,five four three
five six one one,five six one one
one one one one,one one one one
two two two two,two two two two
one two three four,one two three four
one two five six,one two five six
one two one one,one two one one
two six six six,two six six six
five four three,five four three
five six one one,five six one one
one one one one,one one one one
two two two two,two two two two
one two three four,one two three four
one two five six,one two five six
one two one one,one two one one
two six six six,two six six six
five four three,five four three
five six one one,five six one one
one one one one,one one one one
two two two two,two two two two
one two three four,one two three four
one two five six,one two five six
one two one one,one two one one
two six six six,two six six six
five four three,five four three
five six one one,five six one one
one one one one,one one one one
two two two two,two two two two
one two three four,one two three four
one two five six,one two five six
one two one one,one two one one
two six six six,two six six six
five four three,five four three
five six one one,five six one one
one one one one,one one one one
two two two two,two two two two
one two three four,one two three four
one two five six,one two five six
one two one one,one two one one
two six six six,two six six six
five four three,five four three
five six one one,five six one one
one one one one,one one one one
two two two two,two two two two
one two three four,one two three four
one two five six,one two five six
one two one one,one two one one
two six six six,two six six six
five four three,five four three
five six one one,five six one one
one one one one,one one one one
two two two two,two two two two
one two three four,one two three four
one two five six,one two five six
one two one one,one two one one
two six six six,two six six six
five four three,five four three
five six one one,five six one one
one one one one,one one one one
two two two two,two two two two
one two three four,one two three four
one two five six,one two five six
one two one one,one two one one
two six six six,two six six six
five four three,five four three
five six one one,five six one one
one one one one,one one one one
two two two two,two two two two
one two three four,one two three four
one two five six,one two five six
one two one one,one two one one
two six six six,two six six six
five four three,five four three
five six one one,five six one one
one one one one,one one one one
two two two two,two two two two
one two three four,one two three four
one two five six,one two five six
one two one one,one two one one
two six six six,two six six six
five four three,five four three
five six one one,five six one one
one one one one,one one one one
two two two two,two two two two
one two three four,one two three four
one two five six,one two five six
one two one one,one two one one
two six six six,two six six six
five four three,five four three
five six one one,five six one one
one one one one,one one one one
two two two two,two two two two
one two three four,one two three four
one two five six,one two five six
one two one one,one two one one
two six six six,two six six six
five four three,five four three
five six one one,five six one one
one one one one,one one one one
two two two two,two two two two
one two three four,one two three four
one two five six,one two five six
one two one one,one two one one
two six six six,two six six six
five four three,five four three
five six one one,five six one one
one one one one,one one one one
two two two two,two two two two
one two three four,one two three four
one two five six,one two five six
one two one one,one two one one
two six six six,two six six six
five four three,five four three
five six one one,five six one one
one one one one,one one one one
two two two two,two two two two
one two three four,one two three four
one two five six,one two five six
one two one one,one two one one
two six six six,two six six six
five four three,five four three
five six one one,five six one one
one one one one,one one one one
two two two two,two two two two
one two three four,one two three four
one two five six,one two five six
one two one one,one two one one
two six six six,two six six six
five four three,five four three
five six one one,five six one one
one one one one,one one one one
two two two two,two two two two
one two three four,one two three four
one two five six,one two five six
one two one one,one two one one
two six six six,two six six six
five four three,five four three
five six one one,five six one one
one one one one,one one one one
two two two two,two two two two
one two three four,one two three four
one two five six,one two five six
one two one one,one two one one
two six six six,two six six six
five four three,five four three
five six one one,five six one one
one one one one,one one one one
two two two two,two two two two
one two three four,one two three four
one two five six,one two five six
one two one one,one two one one
two six six six,two six six six
five four three,five four three
five six one one,five six one one
one one one one,one one one one
two two two two,two two two two
one two three four,one two three four
one two five six,one two five six
one two one one,one two one one
two six six six,two six six six
five four three,five four three
five six one one,five six one one
one one one one,one one one one
two two two two,two two two two
one two three four,one two three four
one two five six,one two five six
one two one one,one two one one
two six six six,two six six six
five four three,five four three
five six one one,five six one one
one one one one,one one one one
two two two two,two two two two
one two three four,one two three four
one two five six,one two five six
one two one one,one two one one
two six six six,two six six six
five four three,five four three
five six one one,five six one one
one one one one,one one one one
two two two two,two two two two
one two three four,one two three four
one two five six,one two five six
one two one one,one two one one
two six six six,two six six six
five four three,five four three
five six one one,five six one one
one one one one,one one one one
two two two two,two two two two

